divisionName,departmentName
D4-5,D4
D6-5,D6
D5-3,D5
D7-2,D7
D6-2,D6
D8-3,D8
D7-1,D7
D5-5,D5
D2-3,D2
D5-2,D5
D3-3,D3
D8-5,D8
D2-2,D2
D8-2,D8
D7-0,D7
D2-1,D2
D1-0,D1
D7-5,D7
D1-5,D1
D5-4,D5
D6-0,D6
D5-0,D5
D4-4,D4
D3-2,D3
D3-4,D3
D2-5,D2
D1-1,D1
D2-0,D2
D4-1,D4
D7-3,D7
D5-1,D5
D1-2,D1
D8-4,D8
D6-1,D6
D4-3,D4
D6-4,D6
D1-4,D1
D3-1,D3
D1-3,D1
D2-4,D2
D6-3,D6
D8-0,D8
D3-0,D3
D4-2,D4
D8-1,D8
D7-4,D7
D4-0,D4
D3-5,D3
